product,contry
Product C,Netherlands
Product C,Germany
Product A,Netherlands
Product A,United Kingdom
Product A,Netherlands
Product A,Italy
Product B,United Kingdom
Product B,France
Product C,Germany
Product B,Netherlands
Product B,Italy
Product B,France
Product A,France
Product C,Germany
Product A,Netherlands
Product C,Germany
Product B,Netherlands
Product B,Italy
Product A,Netherlands
Product B,United Kingdom
Product B,United Kingdom
Product B,Italy
Product B,United Kingdom
Product B,Spain
Product C,Germany
Product C,Germany
Product A,Spain
Product C,United Kingdom
Product C,Italy
Product B,Italy
Product A,France
Product A,Netherlands
Product B,France
Product B,United Kingdom
Product B,Germany
Product A,France
Product A,Netherlands
Product A,Netherlands
Product B,United Kingdom
Product B,Netherlands
Product B,Germany
Product B,Spain
Product C,Spain
Product B,United Kingdom
Product B,Spain
Product C,France
Product B,Italy
Product B,Netherlands
Product A,France
Product A,Netherlands
Product B,Netherlands
Product C,Italy
Product C,Germany
Product B,Spain
Product C,Germany
Product B,Italy
Product B,Germany
Product A,Spain
Product A,Netherlands
Product C,Germany
Product C,Germany
Product C,France
Product A,United Kingdom
Product B,Spain
Product A,Netherlands
Product A,France
Product C,Germany
Product B,Spain
Product A,France
Product B,Germany
Product A,Netherlands
Product B,Italy
Product A,France
Product A,France
Product C,United Kingdom
Product A,France
Product B,United Kingdom
Product C,Netherlands
Product A,Netherlands
Product A,Italy
Product A,Spain
Product A,Spain
Product B,Germany
Product A,Netherlands
Product A,Spain
Product A,France
Product B,United Kingdom
Product B,Spain
Product C,Germany
Product B,Netherlands
Product A,France
Product C,Germany
Product B,United Kingdom
Product A,France
Product A,United Kingdom
Product A,Netherlands
Product C,Germany
Product B,Spain
Product B,Netherlands
Product B,Italy
Product B,Italy
Product C,United Kingdom
Product B,Italy
Product C,Italy
Product B,France
Product A,France
Product A,France
Product B,Germany
Product B,Germany
Product A,France
Product B,Germany
Product A,Spain
Product C,Italy
Product A,France
Product A,France
Product C,Germany
Product B,United Kingdom
Product C,Germany
Product A,United Kingdom
Product B,Netherlands
Product A,France
Product B,Italy
Product A,United Kingdom
Product C,Italy
Product A,France
Product A,Italy
Product B,Germany
Product A,Netherlands
Product B,United Kingdom
Product C,Germany
Product B,Germany
Product B,Germany
Product B,Netherlands
Product C,Germany
Product B,France
Product B,Spain
Product A,Italy
Product A,United Kingdom
Product B,Spain
Product A,France
Product B,Spain
Product C,Germany
Product A,Spain
Product A,Netherlands
Product C,Germany
Product A,France
Product B,Spain
Product B,Spain
Product C,Germany
Product B,Spain
Product A,United Kingdom
Product A,France
Product C,Germany
Product A,United Kingdom
Product C,Italy
Product C,Germany
Product C,Spain
Product A,Netherlands
Product B,United Kingdom
Product B,Italy
Product A,Netherlands
Product A,Netherlands
Product A,France
Product B,Italy
Product B,Italy
Product C,United Kingdom
Product A,France
Product B,France
Product C,Spain
Product B,Germany
Product B,Italy
Product C,Germany
Product B,Netherlands
Product A,Netherlands
Product B,United Kingdom
Product C,Germany
Product B,Germany
Product A,Netherlands
Product B,Netherlands
Product B,Italy
Product A,Spain
Product A,Netherlands
Product A,Italy
Product A,Netherlands
Product B,Spain
Product A,Spain
Product A,France
Product A,Netherlands
Product B,France
Product C,United Kingdom
Product B,Netherlands
Product B,Netherlands
Product A,France
Product C,Germany
Product A,Spain
Product A,France
Product B,United Kingdom
Product A,United Kingdom
Product C,Germany
Product A,United Kingdom
Product A,United Kingdom
Product A,France
Product A,United Kingdom
Product A,Italy
Product C,Italy
Product A,Italy
Product A,Netherlands
Product A,Italy
Product A,United Kingdom
Product A,Spain
Product B,United Kingdom
Product A,Spain
Product B,Spain
Product A,Netherlands
Product A,Netherlands
Product B,Spain
Product A,Netherlands
Product B,France
Product A,United Kingdom
Product C,Italy
Product B,France
Product B,France
Product C,Germany
Product C,Germany
Product A,Italy
Product B,Germany
Product B,Germany
Product C,Italy
Product A,Spain
Product C,Germany
Product A,Spain
Product C,Italy
Product B,France
Product B,Spain
Product A,Netherlands
Product A,France
Product B,United Kingdom
Product A,France
Product A,France
Product A,Italy
Product B,France
Product B,United Kingdom
Product B,Netherlands
Product C,Germany
Product C,Spain
Product C,Germany
Product A,Netherlands
Product B,France
Product C,Italy
Product B,Netherlands
Product A,Netherlands
Product A,United Kingdom
Product B,Spain
Product B,France
Product B,United Kingdom
Product A,United Kingdom
Product C,Germany
Product B,United Kingdom
Product A,Netherlands
Product A,United Kingdom
Product A,Netherlands
Product A,France
Product A,Italy
Product C,Germany
Product A,Netherlands
Product A,France
Product B,United Kingdom
Product A,Netherlands
Product B,France
Product B,United Kingdom
Product B,Spain
Product B,Italy
Product A,Netherlands
Product A,Netherlands
Product A,Netherlands
Product B,Spain
Product B,Spain
Product A,France
Product B,Italy
Product B,Germany
Product B,Germany
Product C,Germany
Product A,Netherlands
Product A,Netherlands
Product C,Germany
Product C,Germany
Product A,France
Product B,France
Product A,Netherlands
Product B,Spain
Product A,United Kingdom
Product A,Netherlands
Product A,Italy
Product A,United Kingdom
Product A,France
Product B,Netherlands
Product A,Spain
Product A,Italy
Product A,France
Product B,France
Product B,Germany
Product A,United Kingdom
Product A,Italy
Product A,Spain
Product C,Germany
Product B,Spain
Product B,Spain
Product A,Netherlands
Product B,United Kingdom
Product B,France
Product A,Netherlands
Product C,Germany
Product A,Italy
Product B,France
Product C,Germany
Product B,Italy
Product B,Germany
Product A,France
Product A,France
Product A,France
Product B,Netherlands
Product A,Spain
Product A,Spain
Product B,Spain
Product B,Italy
Product A,Italy
Product B,Germany
Product A,Spain
Product A,France
Product A,Italy
Product A,Spain
Product A,France
Product B,Spain
Product B,Germany
Product B,France
Product C,Germany
Product C,Germany
Product A,Netherlands
Product A,Netherlands
Product B,Spain
Product C,Italy
Product B,United Kingdom
Product B,United Kingdom
Product B,Germany
Product A,France
Product C,Italy
Product A,United Kingdom
Product B,Spain
Product B,United Kingdom
Product A,Netherlands
Product B,Netherlands
Product C,Germany
Product C,Germany
Product C,Germany
Product A,Netherlands
Product C,France
Product A,Netherlands
Product B,Germany
Product A,United Kingdom
Product B,United Kingdom
Product A,France
Product C,United Kingdom
Product A,France
Product B,Spain
Product A,France
Product C,Netherlands
Product B,Spain
Product A,Italy
Product B,Netherlands
Product B,Netherlands
Product A,Spain
Product B,Italy
Product B,Germany
Product A,France
Product C,Germany
Product A,Netherlands
Product B,Spain
Product A,Netherlands
Product A,France
Product A,Italy
Product C,Spain
Product C,Germany
Product B,United Kingdom
Product C,Germany
Product C,Germany
Product B,France
Product B,Italy
Product A,Netherlands
Product B,Spain
Product A,France
Product B,Italy
Product A,Italy
Product A,France
Product B,Germany
Product A,France
Product A,Italy
Product B,Germany
Product C,Netherlands
Product A,Netherlands
Product B,United Kingdom
Product B,United Kingdom
Product C,Germany
Product C,Italy
Product C,Germany
Product A,United Kingdom
Product B,France
Product C,Germany
Product A,Netherlands
Product A,Netherlands
Product B,Italy
Product B,Italy
Product B,United Kingdom
Product A,France
Product B,Spain
Product B,Spain
Product A,Spain
Product B,Germany
Product A,France
Product B,Netherlands
Product A,Italy
Product B,Spain
Product B,Italy
Product C,Germany
Product C,Germany
Product A,Netherlands
Product B,Germany
Product B,United Kingdom
Product B,Italy
Product A,Italy
Product A,Italy
Product A,Italy
Product A,Netherlands
Product B,United Kingdom
Product A,Italy
Product C,Germany
Product A,France
Product A,United Kingdom
Product B,Netherlands
Product B,France
Product B,Italy
Product C,Germany
Product B,France
Product A,France
Product C,Germany
Product A,Spain
Product B,Netherlands
Product B,Spain
Product B,France
Product A,Italy
Product B,Italy
Product A,France
Product B,Germany
Product A,Italy
Product A,United Kingdom
Product B,Spain
Product A,Netherlands
Product A,Spain
Product A,United Kingdom
Product A,France
Product A,France
Product A,United Kingdom
Product B,Spain
Product C,France
Product B,Spain
Product A,France
Product B,Spain
Product B,United Kingdom
Product A,United Kingdom
Product B,United Kingdom
Product A,United Kingdom
Product A,Netherlands
Product B,Spain
Product B,Germany
Product A,Italy
Product B,United Kingdom
Product B,United Kingdom
Product B,Spain
Product B,Italy
Product C,Germany
Product C,Italy
Product C,Germany
Product B,Spain
Product B,Spain
Product C,Germany
Product A,Italy
Product A,France
Product B,Spain
Product B,Spain
Product A,Netherlands
Product C,Germany
Product A,Spain
Product C,United Kingdom
Product C,Netherlands
Product B,Spain
Product A,Spain
Product B,Germany
Product A,France
Product A,France
Product A,Italy
Product B,Netherlands
Product B,United Kingdom
Product A,Italy
Product B,France
Product C,Germany
Product B,United Kingdom
Product A,Spain
Product B,Spain
Product A,Spain
Product C,Germany
Product B,Spain
Product C,Germany
Product B,Spain
Product A,France
Product C,Germany
Product C,Germany
Product B,United Kingdom
Product A,Netherlands
Product A,France
Product C,Spain
Product B,United Kingdom
Product B,Spain
Product A,United Kingdom
Product A,United Kingdom
Product A,France
Product C,United Kingdom
Product A,France
Product A,Italy
Product A,France
Product B,Italy
Product A,Spain
Product C,Italy
Product B,Italy
Product A,United Kingdom
Product B,France
Product B,Germany
Product B,Spain
Product A,Netherlands
Product B,France
Product A,Spain
Product B,Italy
Product C,Germany
Product B,Netherlands
Product A,Italy
Product A,Netherlands
Product A,Netherlands
Product A,Netherlands
Product A,France
Product B,Spain
Product C,Germany
Product A,France
Product A,France
Product A,France
Product A,United Kingdom
Product A,Netherlands
Product C,Italy
Product C,United Kingdom
Product C,Germany
Product B,Germany
Product C,Germany
Product B,Italy
Product B,Spain
Product C,Italy
Product B,Spain
Product B,France
Product A,Netherlands
Product A,Italy
Product A,France
Product C,Spain
Product C,Germany
Product B,United Kingdom
Product C,Germany
Product A,France
Product A,Netherlands
Product B,Italy
Product C,Italy
Product A,Spain
Product A,Netherlands
Product B,Italy
Product A,Netherlands
Product A,France
Product A,United Kingdom
Product A,United Kingdom
Product A,Spain
Product A,United Kingdom
Product B,United Kingdom
Product B,United Kingdom
Product A,Netherlands
Product C,Germany
Product C,Netherlands
Product A,Netherlands
Product A,United Kingdom
Product A,United Kingdom
Product A,France
Product B,Italy
Product A,Netherlands
Product B,Germany
Product C,Italy
Product A,Spain
Product A,Spain
Product B,Spain
Product C,Germany
Product A,France
Product B,United Kingdom
Product C,Germany
Product B,Spain
Product A,Netherlands
Product C,Germany
Product A,Italy
Product B,Spain
Product B,Italy
Product B,Spain
Product A,Netherlands
Product A,Netherlands
Product A,Netherlands
Product A,Netherlands
Product C,Italy
Product B,United Kingdom
Product B,Spain
Product B,Spain
Product B,Italy
Product A,France
Product A,Netherlands
Product A,France
Product C,Italy
Product C,France
Product C,Germany
Product B,Spain
Product A,Italy
Product C,Germany
Product A,Spain
Product B,United Kingdom
Product C,Germany
Product B,United Kingdom
Product C,Germany
Product B,Spain
Product A,Italy
Product A,France
Product A,United Kingdom
Product B,Netherlands
Product A,Netherlands
Product B,Italy
Product C,Germany
Product B,Italy
Product B,Spain
Product A,Netherlands
Product B,United Kingdom
Product C,Germany
Product C,Germany
Product B,Spain
Product B,France
Product A,United Kingdom
Product A,Spain
Product A,France
Product B,Italy
Product B,Germany
Product A,Netherlands
Product A,United Kingdom
Product B,Netherlands
Product B,Italy
Product A,United Kingdom
Product C,United Kingdom
Product B,France
Product A,France
Product A,Netherlands
Product B,United Kingdom
Product B,Germany
Product B,Spain
Product B,Germany
Product A,France
Product C,Germany
Product A,Italy
Product A,France
Product B,Italy
Product A,Netherlands
Product A,France
Product A,France
Product B,Spain
Product B,Spain
Product C,Germany
Product C,Italy
Product B,Spain
Product A,Italy
Product B,Spain
Product B,Germany
Product B,Italy
Product A,Netherlands
Product C,Germany
Product B,United Kingdom
Product C,United Kingdom
Product A,France
Product B,United Kingdom
Product C,Italy
Product B,United Kingdom
Product B,Germany
Product B,Spain
Product B,Germany
Product C,Germany
Product B,France
Product A,Spain
Product C,Germany
Product B,Italy
Product A,Netherlands
Product A,Netherlands
Product C,Italy
Product B,Spain
Product A,Italy
Product C,United Kingdom
Product C,Germany
Product C,Germany
Product B,United Kingdom
Product A,Spain
Product A,Spain
Product A,Italy
Product A,France
Product A,France
Product C,Italy
Product C,Germany
Product A,Italy
Product A,Netherlands
Product B,Italy
Product A,France
Product A,Italy
Product A,United Kingdom
Product A,Spain
Product B,France
Product A,Netherlands
Product B,Italy
Product B,Germany
Product A,Spain
Product A,France
Product B,Spain
Product B,Germany
Product B,Italy
Product C,Germany
Product A,United Kingdom
Product A,France
Product A,Italy
Product B,Italy
Product B,United Kingdom
Product A,France
Product A,United Kingdom
Product A,France
Product A,Italy
Product C,Germany
Product A,Italy
Product A,United Kingdom
Product A,Spain
Product B,Italy
Product C,United Kingdom
Product B,Netherlands
Product A,Spain
Product A,France
Product A,Spain
Product A,United Kingdom
Product B,Germany
Product B,Italy
Product B,United Kingdom
Product B,United Kingdom
Product C,Germany
Product C,Germany
Product C,Germany
Product B,Spain
Product B,France
Product C,France
Product B,United Kingdom
Product B,Spain
Product C,Germany
Product B,United Kingdom
Product A,Italy
Product B,Germany
Product C,Italy
Product C,Germany
Product C,United Kingdom
Product B,Spain
Product B,United Kingdom
Product A,Spain
Product B,Italy
Product B,Spain
Product B,Italy
Product C,Germany
Product A,Italy
Product B,Germany
Product C,Germany
Product B,Netherlands
Product A,Italy
Product A,Spain
Product B,Italy
Product C,Italy
Product B,Netherlands
Product B,France
Product A,Italy
Product C,Italy
Product C,Italy
Product A,United Kingdom
Product C,Italy
Product A,France
Product A,Italy
Product A,Spain
Product B,Italy
Product A,Netherlands
Product B,Germany
Product A,Netherlands
Product C,Germany
Product C,Italy
Product B,Italy
Product B,Spain
Product A,France
Product C,Spain
Product B,Germany
Product C,Netherlands
Product A,Netherlands
Product A,Netherlands
Product A,United Kingdom
Product A,United Kingdom
Product B,Italy
Product B,Germany
Product B,France
Product B,Netherlands
Product A,France
Product B,Netherlands
Product C,Netherlands
Product B,Germany
Product B,Spain
Product B,Spain
Product A,Spain
Product A,Netherlands
Product A,Italy
Product C,Italy
Product A,Spain
Product A,Spain
Product B,Spain
Product A,Spain
Product B,Netherlands
Product C,Germany
Product A,Spain
Product B,Germany
Product B,Spain
Product A,Netherlands
Product A,France
Product B,Netherlands
Product A,France
Product A,Netherlands
Product B,Italy
Product C,Germany
Product C,Germany
Product C,Italy
Product A,Spain
Product C,Germany
Product B,Italy
Product B,France
Product A,France
Product B,France
Product B,Germany
Product B,Spain
Product A,France
Product B,Spain
Product C,Germany
Product B,Italy
Product A,France
Product B,United Kingdom
Product C,Italy
Product C,Germany
Product B,Germany
Product A,France
Product C,Germany
Product B,Netherlands
Product A,Italy
Product C,Italy
Product A,France
Product A,Netherlands
Product B,Italy
Product B,France
Product B,Italy
Product A,France
Product B,Spain
Product B,Italy
Product A,France
Product A,United Kingdom
Product B,Spain
Product A,France
Product B,Germany
Product C,Germany
Product A,Italy
Product B,United Kingdom
Product C,United Kingdom
Product B,Italy
Product C,Germany
Product B,Spain
Product A,France
Product A,Spain
Product B,Spain
Product B,Italy
Product B,Germany
Product B,Germany
Product B,Italy
Product B,Spain
Product B,United Kingdom
Product A,Netherlands
Product B,Germany
Product A,Italy
Product B,United Kingdom
Product A,United Kingdom
Product B,Spain
Product A,Netherlands
Product B,United Kingdom
Product A,France
Product A,Italy
Product B,Germany
Product A,Netherlands
Product C,Germany
Product A,Netherlands
Product B,Spain
Product B,France
Product C,Germany
Product C,Germany
Product B,United Kingdom
Product C,Germany
Product B,Germany
Product B,United Kingdom
Product C,Germany
Product B,Spain
Product B,Germany
Product C,Germany
Product A,United Kingdom
Product C,Netherlands
Product A,Italy
Product C,Italy
Product C,United Kingdom
Product A,France
Product B,Spain
Product C,Germany
Product B,France
Product B,Spain
Product B,Spain
Product C,Germany
Product B,United Kingdom
Product A,Netherlands
Product C,Germany
Product B,Netherlands
Product C,Germany
Product B,Netherlands
Product A,United Kingdom
Product B,Italy
Product B,Netherlands
Product B,Spain
Product B,Spain
Product A,Italy
Product C,Germany
Product A,Spain
Product B,Italy
Product B,Spain
Product B,United Kingdom
Product A,Italy
Product B,Germany
Product A,Netherlands
Product A,Netherlands
Product C,Italy
Product B,Spain
Product C,France
Product B,United Kingdom
Product A,France
Product B,United Kingdom
Product A,United Kingdom
Product A,Italy
Product A,Netherlands
Product B,Spain
Product B,France
Product C,Germany
Product B,Netherlands
Product A,France
Product A,Spain
Product C,Italy
Product B,France
Product B,Netherlands
Product A,Spain
Product A,United Kingdom
Product B,United Kingdom
Product B,United Kingdom
Product A,France
Product A,France
Product B,Netherlands
Product A,Netherlands
Product A,Netherlands
Product B,Germany
Product B,United Kingdom
Product A,Italy
Product A,Italy
Product C,Germany
Product A,France
Product A,Netherlands
Product A,France
Product B,Netherlands
Product B,Italy
Product A,Spain
Product C,Germany
Product B,United Kingdom
Product B,France
Product B,United Kingdom
Product B,Germany
Product B,Italy
