model,continent
Highlander,South America
Highlander,Asia
Corolla,South America
Corolla,Europe
Corolla,South America
Corolla,Australia
Avensis,Europe
Avensis,Africa
Highlander,Asia
Avensis,South America
Avensis,Australia
Avensis,Africa
Corolla,Africa
Highlander,Asia
Corolla,South America
Highlander,Asia
Avensis,South America
Avensis,Australia
Corolla,South America
Avensis,Europe
Avensis,Europe
Avensis,Australia
Avensis,Europe
Avensis,North America
Highlander,Asia
Highlander,Asia
Corolla,North America
Highlander,Europe
Highlander,Australia
Avensis,Australia
Corolla,Africa
Corolla,South America
Avensis,Africa
Avensis,Europe
Avensis,Asia
Corolla,Africa
Corolla,South America
Corolla,South America
Avensis,Europe
Avensis,South America
Avensis,Asia
Avensis,North America
Highlander,North America
Avensis,Europe
Avensis,North America
Highlander,Africa
Avensis,Australia
Avensis,South America
Corolla,Africa
Corolla,South America
Avensis,South America
Highlander,Australia
Highlander,Asia
Avensis,North America
Highlander,Asia
Avensis,Australia
Avensis,Asia
Corolla,North America
Corolla,South America
Highlander,Asia
Highlander,Asia
Highlander,Africa
Corolla,Europe
Avensis,North America
Corolla,South America
Corolla,Africa
Highlander,Asia
Avensis,North America
Corolla,Africa
Avensis,Asia
Corolla,South America
Avensis,Australia
Corolla,Africa
Corolla,Africa
Highlander,Europe
Corolla,Africa
Avensis,Europe
Highlander,South America
Corolla,South America
Corolla,Australia
Corolla,North America
Corolla,North America
Avensis,Asia
Corolla,South America
Corolla,North America
Corolla,Africa
Avensis,Europe
Avensis,North America
Highlander,Asia
Avensis,South America
Corolla,Africa
Highlander,Asia
Avensis,Europe
Corolla,Africa
Corolla,Europe
Corolla,South America
Highlander,Asia
Avensis,North America
Avensis,South America
Avensis,Australia
Avensis,Australia
Highlander,Europe
Avensis,Australia
Highlander,Australia
Avensis,Africa
Corolla,Africa
Corolla,Africa
Avensis,Asia
Avensis,Asia
Corolla,Africa
Avensis,Asia
Corolla,North America
Highlander,Australia
Corolla,Africa
Corolla,Africa
Highlander,Asia
Avensis,Europe
Highlander,Asia
Corolla,Europe
Avensis,South America
Corolla,Africa
Avensis,Australia
Corolla,Europe
Highlander,Australia
Corolla,Africa
Corolla,Australia
Avensis,Asia
Corolla,South America
Avensis,Europe
Highlander,Asia
Avensis,Asia
Avensis,Asia
Avensis,South America
Highlander,Asia
Avensis,Africa
Avensis,North America
Corolla,Australia
Corolla,Europe
Avensis,North America
Corolla,Africa
Avensis,North America
Highlander,Asia
Corolla,North America
Corolla,South America
Highlander,Asia
Corolla,Africa
Avensis,North America
Avensis,North America
Highlander,Asia
Avensis,North America
Corolla,Europe
Corolla,Africa
Highlander,Asia
Corolla,Europe
Highlander,Australia
Highlander,Asia
Highlander,North America
Corolla,South America
Avensis,Europe
Avensis,Australia
Corolla,South America
Corolla,South America
Corolla,Africa
Avensis,Australia
Avensis,Australia
Highlander,Europe
Corolla,Africa
Avensis,Africa
Highlander,North America
Avensis,Asia
Avensis,Australia
Highlander,Asia
Avensis,South America
Corolla,South America
Avensis,Europe
Highlander,Asia
Avensis,Asia
Corolla,South America
Avensis,South America
Avensis,Australia
Corolla,North America
Corolla,South America
Corolla,Australia
Corolla,South America
Avensis,North America
Corolla,North America
Corolla,Africa
Corolla,South America
Avensis,Africa
Highlander,Europe
Avensis,South America
Avensis,South America
Corolla,Africa
Highlander,Asia
Corolla,North America
Corolla,Africa
Avensis,Europe
Corolla,Europe
Highlander,Asia
Corolla,Europe
Corolla,Europe
Corolla,Africa
Corolla,Europe
Corolla,Australia
Highlander,Australia
Corolla,Australia
Corolla,South America
Corolla,Australia
Corolla,Europe
Corolla,North America
Avensis,Europe
Corolla,North America
Avensis,North America
Corolla,South America
Corolla,South America
Avensis,North America
Corolla,South America
Avensis,Africa
Corolla,Europe
Highlander,Australia
Avensis,Africa
Avensis,Africa
Highlander,Asia
Highlander,Asia
Corolla,Australia
Avensis,Asia
Avensis,Asia
Highlander,Australia
Corolla,North America
Highlander,Asia
Corolla,North America
Highlander,Australia
Avensis,Africa
Avensis,North America
Corolla,South America
Corolla,Africa
Avensis,Europe
Corolla,Africa
Corolla,Africa
Corolla,Australia
Avensis,Africa
Avensis,Europe
Avensis,South America
Highlander,Asia
Highlander,North America
Highlander,Asia
Corolla,South America
Avensis,Africa
Highlander,Australia
Avensis,South America
Corolla,South America
Corolla,Europe
Avensis,North America
Avensis,Africa
Avensis,Europe
Corolla,Europe
Highlander,Asia
Avensis,Europe
Corolla,South America
Corolla,Europe
Corolla,South America
Corolla,Africa
Corolla,Australia
Highlander,Asia
Corolla,South America
Corolla,Africa
Avensis,Europe
Corolla,South America
Avensis,Africa
Avensis,Europe
Avensis,North America
Avensis,Australia
Corolla,South America
Corolla,South America
Corolla,South America
Avensis,North America
Avensis,North America
Corolla,Africa
Avensis,Australia
Avensis,Asia
Avensis,Asia
Highlander,Asia
Corolla,South America
Corolla,South America
Highlander,Asia
Highlander,Asia
Corolla,Africa
Avensis,Africa
Corolla,South America
Avensis,North America
Corolla,Europe
Corolla,South America
Corolla,Australia
Corolla,Europe
Corolla,Africa
Avensis,South America
Corolla,North America
Corolla,Australia
Corolla,Africa
Avensis,Africa
Avensis,Asia
Corolla,Europe
Corolla,Australia
Corolla,North America
Highlander,Asia
Avensis,North America
Avensis,North America
Corolla,South America
Avensis,Europe
Avensis,Africa
Corolla,South America
Highlander,Asia
Corolla,Australia
Avensis,Africa
Highlander,Asia
Avensis,Australia
Avensis,Asia
Corolla,Africa
Corolla,Africa
Corolla,Africa
Avensis,South America
Corolla,North America
Corolla,North America
Avensis,North America
Avensis,Australia
Corolla,Australia
Avensis,Asia
Corolla,North America
Corolla,Africa
Corolla,Australia
Corolla,North America
Corolla,Africa
Avensis,North America
Avensis,Asia
Avensis,Africa
Highlander,Asia
Highlander,Asia
Corolla,South America
Corolla,South America
Avensis,North America
Highlander,Australia
Avensis,Europe
Avensis,Europe
Avensis,Asia
Corolla,Africa
Highlander,Australia
Corolla,Europe
Avensis,North America
Avensis,Europe
Corolla,South America
Avensis,South America
Highlander,Asia
Highlander,Asia
Highlander,Asia
Corolla,South America
Highlander,Africa
Corolla,South America
Avensis,Asia
Corolla,Europe
Avensis,Europe
Corolla,Africa
Highlander,Europe
Corolla,Africa
Avensis,North America
Corolla,Africa
Highlander,South America
Avensis,North America
Corolla,Australia
Avensis,South America
Avensis,South America
Corolla,North America
Avensis,Australia
Avensis,Asia
Corolla,Africa
Highlander,Asia
Corolla,South America
Avensis,North America
Corolla,South America
Corolla,Africa
Corolla,Australia
Highlander,North America
Highlander,Asia
Avensis,Europe
Highlander,Asia
Highlander,Asia
Avensis,Africa
Avensis,Australia
Corolla,South America
Avensis,North America
Corolla,Africa
Avensis,Australia
Corolla,Australia
Corolla,Africa
Avensis,Asia
Corolla,Africa
Corolla,Australia
Avensis,Asia
Highlander,South America
Corolla,South America
Avensis,Europe
Avensis,Europe
Highlander,Asia
Highlander,Australia
Highlander,Asia
Corolla,Europe
Avensis,Africa
Highlander,Asia
Corolla,South America
Corolla,South America
Avensis,Australia
Avensis,Australia
Avensis,Europe
Corolla,Africa
Avensis,North America
Avensis,North America
Corolla,North America
Avensis,Asia
Corolla,Africa
Avensis,South America
Corolla,Australia
Avensis,North America
Avensis,Australia
Highlander,Asia
Highlander,Asia
Corolla,South America
Avensis,Asia
Avensis,Europe
Avensis,Australia
Corolla,Australia
Corolla,Australia
Corolla,Australia
Corolla,South America
Avensis,Europe
Corolla,Australia
Highlander,Asia
Corolla,Africa
Corolla,Europe
Avensis,South America
Avensis,Africa
Avensis,Australia
Highlander,Asia
Avensis,Africa
Corolla,Africa
Highlander,Asia
Corolla,North America
Avensis,South America
Avensis,North America
Avensis,Africa
Corolla,Australia
Avensis,Australia
Corolla,Africa
Avensis,Asia
Corolla,Australia
Corolla,Europe
Avensis,North America
Corolla,South America
Corolla,North America
Corolla,Europe
Corolla,Africa
Corolla,Africa
Corolla,Europe
Avensis,North America
Highlander,Africa
Avensis,North America
Corolla,Africa
Avensis,North America
Avensis,Europe
Corolla,Europe
Avensis,Europe
Corolla,Europe
Corolla,South America
Avensis,North America
Avensis,Asia
Corolla,Australia
Avensis,Europe
Avensis,Europe
Avensis,North America
Avensis,Australia
Highlander,Asia
Highlander,Australia
Highlander,Asia
Avensis,North America
Avensis,North America
Highlander,Asia
Corolla,Australia
Corolla,Africa
Avensis,North America
Avensis,North America
Corolla,South America
Highlander,Asia
Corolla,North America
Highlander,Europe
Highlander,South America
Avensis,North America
Corolla,North America
Avensis,Asia
Corolla,Africa
Corolla,Africa
Corolla,Australia
Avensis,South America
Avensis,Europe
Corolla,Australia
Avensis,Africa
Highlander,Asia
Avensis,Europe
Corolla,North America
Avensis,North America
Corolla,North America
Highlander,Asia
Avensis,North America
Highlander,Asia
Avensis,North America
Corolla,Africa
Highlander,Asia
Highlander,Asia
Avensis,Europe
Corolla,South America
Corolla,Africa
Highlander,North America
Avensis,Europe
Avensis,North America
Corolla,Europe
Corolla,Europe
Corolla,Africa
Highlander,Europe
Corolla,Africa
Corolla,Australia
Corolla,Africa
Avensis,Australia
Corolla,North America
Highlander,Australia
Avensis,Australia
Corolla,Europe
Avensis,Africa
Avensis,Asia
Avensis,North America
Corolla,South America
Avensis,Africa
Corolla,North America
Avensis,Australia
Highlander,Asia
Avensis,South America
Corolla,Australia
Corolla,South America
Corolla,South America
Corolla,South America
Corolla,Africa
Avensis,North America
Highlander,Asia
Corolla,Africa
Corolla,Africa
Corolla,Africa
Corolla,Europe
Corolla,South America
Highlander,Australia
Highlander,Europe
Highlander,Asia
Avensis,Asia
Highlander,Asia
Avensis,Australia
Avensis,North America
Highlander,Australia
Avensis,North America
Avensis,Africa
Corolla,South America
Corolla,Australia
Corolla,Africa
Highlander,North America
Highlander,Asia
Avensis,Europe
Highlander,Asia
Corolla,Africa
Corolla,South America
Avensis,Australia
Highlander,Australia
Corolla,North America
Corolla,South America
Avensis,Australia
Corolla,South America
Corolla,Africa
Corolla,Europe
Corolla,Europe
Corolla,North America
Corolla,Europe
Avensis,Europe
Avensis,Europe
Corolla,South America
Highlander,Asia
Highlander,South America
Corolla,South America
Corolla,Europe
Corolla,Europe
Corolla,Africa
Avensis,Australia
Corolla,South America
Avensis,Asia
Highlander,Australia
Corolla,North America
Corolla,North America
Avensis,North America
Highlander,Asia
Corolla,Africa
Avensis,Europe
Highlander,Asia
Avensis,North America
Corolla,South America
Highlander,Asia
Corolla,Australia
Avensis,North America
Avensis,Australia
Avensis,North America
Corolla,South America
Corolla,South America
Corolla,South America
Corolla,South America
Highlander,Australia
Avensis,Europe
Avensis,North America
Avensis,North America
Avensis,Australia
Corolla,Africa
Corolla,South America
Corolla,Africa
Highlander,Australia
Highlander,Africa
Highlander,Asia
Avensis,North America
Corolla,Australia
Highlander,Asia
Corolla,North America
Avensis,Europe
Highlander,Asia
Avensis,Europe
Highlander,Asia
Avensis,North America
Corolla,Australia
Corolla,Africa
Corolla,Europe
Avensis,South America
Corolla,South America
Avensis,Australia
Highlander,Asia
Avensis,Australia
Avensis,North America
Corolla,South America
Avensis,Europe
Highlander,Asia
Highlander,Asia
Avensis,North America
Avensis,Africa
Corolla,Europe
Corolla,North America
Corolla,Africa
Avensis,Australia
Avensis,Asia
Corolla,South America
Corolla,Europe
Avensis,South America
Avensis,Australia
Corolla,Europe
Highlander,Europe
Avensis,Africa
Corolla,Africa
Corolla,South America
Avensis,Europe
Avensis,Asia
Avensis,North America
Avensis,Asia
Corolla,Africa
Highlander,Asia
Corolla,Australia
Corolla,Africa
Avensis,Australia
Corolla,South America
Corolla,Africa
Corolla,Africa
Avensis,North America
Avensis,North America
Highlander,Asia
Highlander,Australia
Avensis,North America
Corolla,Australia
Avensis,North America
Avensis,Asia
Avensis,Australia
Corolla,South America
Highlander,Asia
Avensis,Europe
Highlander,Europe
Corolla,Africa
Avensis,Europe
Highlander,Australia
Avensis,Europe
Avensis,Asia
Avensis,North America
Avensis,Asia
Highlander,Asia
Avensis,Africa
Corolla,North America
Highlander,Asia
Avensis,Australia
Corolla,South America
Corolla,South America
Highlander,Australia
Avensis,North America
Corolla,Australia
Highlander,Europe
Highlander,Asia
Highlander,Asia
Avensis,Europe
Corolla,North America
Corolla,North America
Corolla,Australia
Corolla,Africa
Corolla,Africa
Highlander,Australia
Highlander,Asia
Corolla,Australia
Corolla,South America
Avensis,Australia
Corolla,Africa
Corolla,Australia
Corolla,Europe
Corolla,North America
Avensis,Africa
Corolla,South America
Avensis,Australia
Avensis,Asia
Corolla,North America
Corolla,Africa
Avensis,North America
Avensis,Asia
Avensis,Australia
Highlander,Asia
Corolla,Europe
Corolla,Africa
Corolla,Australia
Avensis,Australia
Avensis,Europe
Corolla,Africa
Corolla,Europe
Corolla,Africa
Corolla,Australia
Highlander,Asia
Corolla,Australia
Corolla,Europe
Corolla,North America
Avensis,Australia
Highlander,Europe
Avensis,South America
Corolla,North America
Corolla,Africa
Corolla,North America
Corolla,Europe
Avensis,Asia
Avensis,Australia
Avensis,Europe
Avensis,Europe
Highlander,Asia
Highlander,Asia
Highlander,Asia
Avensis,North America
Avensis,Africa
Highlander,Africa
Avensis,Europe
Avensis,North America
Highlander,Asia
Avensis,Europe
Corolla,Australia
Avensis,Asia
Highlander,Australia
Highlander,Asia
Highlander,Europe
Avensis,North America
Avensis,Europe
Corolla,North America
Avensis,Australia
Avensis,North America
Avensis,Australia
Highlander,Asia
Corolla,Australia
Avensis,Asia
Highlander,Asia
Avensis,South America
Corolla,Australia
Corolla,North America
Avensis,Australia
Highlander,Australia
Avensis,South America
Avensis,Africa
Corolla,Australia
Highlander,Australia
Highlander,Australia
Corolla,Europe
Highlander,Australia
Corolla,Africa
Corolla,Australia
Corolla,North America
Avensis,Australia
Corolla,South America
Avensis,Asia
Corolla,South America
Highlander,Asia
Highlander,Australia
Avensis,Australia
Avensis,North America
Corolla,Africa
Highlander,North America
Avensis,Asia
Highlander,South America
Corolla,South America
Corolla,South America
Corolla,Europe
Corolla,Europe
Avensis,Australia
Avensis,Asia
Avensis,Africa
Avensis,South America
Corolla,Africa
Avensis,South America
Highlander,South America
Avensis,Asia
Avensis,North America
Avensis,North America
Corolla,North America
Corolla,South America
Corolla,Australia
Highlander,Australia
Corolla,North America
Corolla,North America
Avensis,North America
Corolla,North America
Avensis,South America
Highlander,Asia
Corolla,North America
Avensis,Asia
Avensis,North America
Corolla,South America
Corolla,Africa
Avensis,South America
Corolla,Africa
Corolla,South America
Avensis,Australia
Highlander,Asia
Highlander,Asia
Highlander,Australia
Corolla,North America
Highlander,Asia
Avensis,Australia
Avensis,Africa
Corolla,Africa
Avensis,Africa
Avensis,Asia
Avensis,North America
Corolla,Africa
Avensis,North America
Highlander,Asia
Avensis,Australia
Corolla,Africa
Avensis,Europe
Highlander,Australia
Highlander,Asia
Avensis,Asia
Corolla,Africa
Highlander,Asia
Avensis,South America
Corolla,Australia
Highlander,Australia
Corolla,Africa
Corolla,South America
Avensis,Australia
Avensis,Africa
Avensis,Australia
Corolla,Africa
Avensis,North America
Avensis,Australia
Corolla,Africa
Corolla,Europe
Avensis,North America
Corolla,Africa
Avensis,Asia
Highlander,Asia
Corolla,Australia
Avensis,Europe
Highlander,Europe
Avensis,Australia
Highlander,Asia
Avensis,North America
Corolla,Africa
Corolla,North America
Avensis,North America
Avensis,Australia
Avensis,Asia
Avensis,Asia
Avensis,Australia
Avensis,North America
Avensis,Europe
Corolla,South America
Avensis,Asia
Corolla,Australia
Avensis,Europe
Corolla,Europe
Avensis,North America
Corolla,South America
Avensis,Europe
Corolla,Africa
Corolla,Australia
Avensis,Asia
Corolla,South America
Highlander,Asia
Corolla,South America
Avensis,North America
Avensis,Africa
Highlander,Asia
Highlander,Asia
Avensis,Europe
Highlander,Asia
Avensis,Asia
Avensis,Europe
Highlander,Asia
Avensis,North America
Avensis,Asia
Highlander,Asia
Corolla,Europe
Highlander,South America
Corolla,Australia
Highlander,Australia
Highlander,Europe
Corolla,Africa
Avensis,North America
Highlander,Asia
Avensis,Africa
Avensis,North America
Avensis,North America
Highlander,Asia
Avensis,Europe
Corolla,South America
Highlander,Asia
Avensis,South America
Highlander,Asia
Avensis,South America
Corolla,Europe
Avensis,Australia
Avensis,South America
Avensis,North America
Avensis,North America
Corolla,Australia
Highlander,Asia
Corolla,North America
Avensis,Australia
Avensis,North America
Avensis,Europe
Corolla,Australia
Avensis,Asia
Corolla,South America
Corolla,South America
Highlander,Australia
Avensis,North America
Highlander,Africa
Avensis,Europe
Corolla,Africa
Avensis,Europe
Corolla,Europe
Corolla,Australia
Corolla,South America
Avensis,North America
Avensis,Africa
Highlander,Asia
Avensis,South America
Corolla,Africa
Corolla,North America
Highlander,Australia
Avensis,Africa
Avensis,South America
Corolla,North America
Corolla,Europe
Avensis,Europe
Avensis,Europe
Corolla,Africa
Corolla,Africa
Avensis,South America
Corolla,South America
Corolla,South America
Avensis,Asia
Avensis,Europe
Corolla,Australia
Corolla,Australia
Highlander,Asia
Corolla,Africa
Corolla,South America
Corolla,Africa
Avensis,South America
Avensis,Australia
Corolla,North America
Highlander,Asia
Avensis,Europe
Avensis,Africa
Avensis,Europe
Avensis,Asia
Avensis,Australia
